Average ETH Price (USD),Stablecoin Fee Share (%),Stablecoin Sequencer Fees (ETH),Stablecoin Sequencer Fees (USD),Stablecoin Supply (USD),Stablecoin Transfer Volume (USD),Stablecoin Transfers,Stablecoin Velocity,Total Sequencer Fees (ETH),Total Sequencer Fees (USD),Total Transactions,Unique Senders,Week
2334.24438,0.111180708,4.057151721,9465.544126,4044240361,2781292389,1780040,0.687716886,36.4934239,85136.57,12999803,164007,13-04-2026 00:00
2193.737981,0.105078197,4.085911691,8946.723284,3869507061,3962228578,1855756,1.0239621,38.92168224,85143.47948,15790545,337641,06-04-2026 00:00
2065.75935,0.11393992,3.979645846,8227.689805,3813087048,3009312728,1690973,0.789206407,34.91804268,72210.77391,13210757,241245,30-03-2026 00:00
2076.655992,0.093009686,4.24693084,8838.840437,3802490999,3199118481,1505639,0.841321776,45.61886777,95031.397,16827183,162566,23-03-2026 00:00
2200.757262,0.096841832,4.098846835,9061.315383,3816784625,3397983237,1395272,0.89027377,42.40932786,93568.19507,15798555,158990,16-03-2026 00:00
2064.419311,0.094495421,4.443221346,9156.883621,3749622408,2768458138,1462400,0.738329847,46.96285365,96902.93474,16339003,164114,09-03-2026 00:00
2014.84878,0.094807193,5.54083746,11209.86665,4043662160,4054996686,1849079,1.002803035,58.46476083,118238.5666,24083519,177234,02-03-2026 00:00
1945.047822,0.099054464,6.074589652,11815.28301,4052145644,3768133256,1985590,0.929910617,61.42353603,119280.6724,27818365,182098,23-02-2026 00:00
1970.058606,0.078247882,4.366475911,8601.278167,4009589574,3917271991,1528710,0.976975802,55.79821813,109923.4628,31149631,147418,16-02-2026 00:00
2017.6737,0.090641912,6.029646197,12147.51221,3994673722,5305457643,2190184,1.328132912,66.48029735,134016.5044,32420916,339273,09-02-2026 00:00
2136.049385,0.117759867,14.25055196,29997.30617,3883981842,8117506694,3971437,2.089996047,121.1043909,254732.8479,41508030,673222,02-02-2026 00:00
2777.730541,0.13660795,12.8104482,34992.63378,3803381687,5265800688,4048469,1.384504928,94.43228855,256153.715,25875672,560352,26-01-2026 00:00
3008.535888,0.098280872,6.002537573,18082.23133,3862613283,5266032491,1892761,1.363334122,61.15110151,183985.255,16550600,208639,19-01-2026 00:00
3266.019554,0.117836791,5.382425576,17561.06687,3914018805,4913850991,1778136,1.255448999,45.71428271,149028.7257,15441878,197608,12-01-2026 00:00
3149.72503,0.112573342,4.375197688,13803.92515,3807069239,5569352075,1907114,1.462897501,38.9106819,122621.6163,17873721,195587,05-01-2026 00:00
3028.626969,0.11534167,3.003781454,9095.32325,3695181674,5463197512,1916775,1.4784652,26.05825893,78855.48405,17942387,203289,29-12-2025 00:00
2955.911066,0.356416386,50.65726847,149133.5656,3682122259,5931547269,5965519,1.610904487,142.008949,418425.1103,18000493,231461,22-12-2025 00:00
2953.013849,0.128202525,8.488602027,25039.87835,3744135595,4243287986,2898511,1.133315789,66.2510221,195315.0174,20701192,457593,15-12-2025 00:00
3179.774772,0.182224092,10.62280493,34714.85704,3837841413,4343855752,2025552,1.131848684,59.07886082,190506.4074,24942044,197022,08-12-2025 00:00
3022.542569,0.089266817,9.06773352,27118.82992,4012591457,4041820831,2182584,1.007284413,100.9266568,303795.1921,27631362,219432,01-12-2025 00:00
2975.858145,0.145838837,7.257627178,21694.76142,4053623131,4673806953,2164874,1.152994938,50.14426043,148758.464,20712869,249756,24-11-2025 00:00
2930.756047,0.09897027,16.88919323,48836.82917,3936425604,6066063293,2173811,1.541007986,170.2515857,493449.4913,19605998,235547,17-11-2025 00:00
3354.801984,0.101787923,9.229611905,30721.87684,3748435117,4169544623,2297243,1.112342749,90.73129797,301822.4172,20567793,266412,10-11-2025 00:00
3445.250412,0.097048752,16.54240885,57524.738,3713882767,5258882847,2396423,1.416006691,170.1310127,592740.6284,22647450,255185,03-11-2025 00:00
3957.095501,0.09313059,6.509216158,25807.63661,3778312750,4505648554,2185622,1.192502805,69.83297596,277112.3493,26055295,271392,27-10-2025 00:00
3931.263328,0.097438602,5.221429318,20471.33241,4567253797,4373659611,1892410,0.957612562,53.56849337,210094.6855,21667847,218629,20-10-2025 00:00
3991.876161,0.11667354,12.32827581,49555.7173,4903064763,6147444156,2582970,1.253796238,105.8966198,424738.2693,23780885,239776,13-10-2025 00:00
4292.536106,0.137683871,77.47069343,326501.9902,4270082685,10993603380,3401137,2.57456452,562.8459063,2371388.808,27877200,250107,06-10-2025 00:00
4357.392237,0.12596247,6.029930993,26252.31672,3917560374,8571433348,2407121,2.187951819,47.90204495,208413.7975,22572221,243040,29-09-2025 00:00
4083.576384,0.115990438,29.31746073,121677.7641,3417786618,11907361748,2835318,3.483939485,252.6625874,1049032.715,29584912,298608,22-09-2025 00:00
4520.793085,0.110578718,4.688534737,21198.39534,3365132420,5818723410,2008642,1.729121676,42.39994382,191704.1156,15657251,242618,15-09-2025 00:00
4468.49938,0.119111119,4.285891597,19090.40885,3347767070,5244532035,2014301,1.566576146,36.00458987,160273.9441,16498009,245269,08-09-2025 00:00
4345.326567,0.110043392,4.598192082,20013.475,3449816055,5165661070,1871721,1.4973729,41.79284748,181868.9401,19448634,215246,01-09-2025 00:00
4490.510491,0.106636074,6.950562933,31377.21781,3263054171,4579764191,2241307,1.403520736,65.20009112,294245.8089,22551271,334841,25-08-2025 00:00
4440.215174,0.113876944,12.30650918,54912.44244,3706891870,6840443972,2494566,1.845331402,107.8171712,482208.6041,22921277,237923,18-08-2025 00:00
4492.847287,0.103990838,10.99452102,49970.80868,3651317801,5626505562,2481789,1.540952026,105.5554104,480530.8774,22899558,268351,11-08-2025 00:00
3856.326875,0.113656827,5.839650894,22682.25289,3888445891,4436108407,2347178,1.140843548,51.27997553,199567.8871,20943780,283281,04-08-2025 00:00
3686.579554,0.112081282,6.896199248,25502.23518,3475396732,3650133200,2357957,1.050278135,61.54863649,227533.4002,21164172,271920,28-07-2025 00:00
3714.486677,0.099961239,6.714487583,24812.59458,3096277564,4554769834,2215100,1.471047004,67.18162803,248222.1589,22256123,251664,21-07-2025 00:00
3359.205074,0.106647584,10.05806094,33890.05639,2934088301,6788657994,2424613,2.313719731,93.79205003,317776.1284,22871345,246476,14-07-2025 00:00
2782.524479,0.117738214,8.732352605,24272.86175,3159301466,4249619615,2226313,1.345113678,74.19496409,206159.5886,18765647,259345,07-07-2025 00:00
2513.898338,0.097945924,4.607442193,11566.29802,2915899727,2876256952,2154009,0.986404617,47.08538169,118088.6104,17258573,309765,30-06-2025 00:00
2413.617063,0.117707883,6.261544327,14806.08482,2112292348,3567878273,2328056,1.689102494,53.12535401,125786.689,17402124,279006,23-06-2025 00:00
2478.551726,0.100100061,11.02525461,26531.03524,2216720772,3942811220,1847984,1.778668414,110.4624275,265045.1444,17402067,196875,16-06-2025 00:00
2630.338919,0.107793494,7.923734847,20827.74355,2050330220,4094123441,2018565,1.996811734,73.66967106,193218.93,17479621,197086,09-06-2025 00:00
2549.087614,0.111402069,5.936853909,15199.16864,1943708775,3483064002,2150266,1.791968039,53.26109216,136435.2458,15653538,210974,02-06-2025 00:00
2596.662614,0.092919007,6.945450331,18122.34824,1687386532,3668959061,2135050,2.174344166,74.81602172,195033.8126,16927214,218522,26-05-2025 00:00
2545.861771,0.110608178,10.43944013,26704.10829,1268249680,4407165354,2391587,3.474998199,94.42965678,241429.7816,18179125,206818,19-05-2025 00:00
2542.72935,0.121700868,11.11666772,28206.0839,1390104392,4566070817,2599995,3.284696346,91.32352051,231765.6751,18459366,216183,12-05-2025 00:00
2091.620025,0.135205353,15.31817494,33754.06054,1398621715,4798564575,2441880,3.430923833,113.6264382,249650.327,17880433,199548,05-05-2025 00:00
1819.57255,0.114649503,3.799968966,6890.252905,1347672320,2681634569,1669266,1.989826852,33.12010472,60098.4107,13795051,194563,28-04-2025 00:00
1744.540382,0.168177594,12.93276367,21831.3976,1443146217,3867251425,2025401,2.679736383,76.03437147,129811.5704,15273999,206086,21-04-2025 00:00
1603.954871,0.108299943,4.048399019,6503.18233,1505706373,3757888987,1558589,2.495764815,37.40746145,60047.88313,13314422,182246,14-04-2025 00:00
1563.656741,0.119282991,35.51265482,54675.06526,1479678379,3722066409,2337799,2.515456374,297.3996958,458364.3063,18621740,213763,07-04-2025 00:00
1817.560714,0.102568913,20.97531168,37461.93945,1393170207,3034196656,1911865,2.177908083,204.8690308,365236.7777,18303471,202551,31-03-2025 00:00
1971.449246,0.093143493,4.525222752,8876.842637,1555425343,5670623146,1776509,3.645705768,48.66442977,95302.87417,16833303,201982,24-03-2025 00:00
1967.696379,0.115615817,4.337503761,8551.331149,2024919445,3648783298,2072034,1.801939977,37.51913714,73963.3331,14025420,232949,17-03-2025 00:00
1919.573021,0.118715811,20.48280159,40121.71267,1858995817,3471315986,2255050,1.867307045,172.5288181,337964.3569,17177925,234515,10-03-2025 00:00
2194.91621,0.118488511,20.35492833,44442.59521,1736738015,3373407090,2433573,1.942381097,171.8677676,375079.3618,18634909,208516,03-03-2025 00:00
2372.405174,0.130757797,35.97440234,85065.83351,1869183071,5097198754,2757726,2.726966039,274.1668683,650560.3154,18602250,220318,24-02-2025 00:00
2729.701647,0.156172294,5.758349085,15709.27098,1934339575,3898219148,2102554,2.015271362,36.87847326,100589.3592,13911626,231679,17-02-2025 00:00
2678.558353,0.149647825,4.54676833,12106.55852,2481368704,2680666860,1783092,1.080317833,30.39511698,80900.33054,12436457,186703,10-02-2025 00:00
2704.81192,0.150943593,59.84193216,159074.0048,2375347750,3956729403,2536249,1.665747427,396.542116,1053863.905,16413781,178521,03-02-2025 00:00
3177.294678,0.115205756,14.74765675,45722.05651,2433579341,4974299661,2236889,2.044026088,128.4964794,396873.0214,15027529,169996,27-01-2025 00:00
3305.325035,0.129963259,24.19979982,79518.32525,2766594048,7807593759,2624108,2.822095914,186.5353589,611852.3485,17580236,246487,20-01-2025 00:00
3286.307431,0.143685278,16.57061142,54038.13759,3103794766,7878497866,2722995,2.538343692,115.5645,376086.8083,17440448,279698,13-01-2025 00:00
3383.052232,0.149221422,9.066723743,31135.34359,3659153792,6061509859,2486012,1.656533232,60.59232903,208651.9697,14393362,254161,06-01-2025 00:00
3469.716285,0.165690314,4.149464276,14324.28629,4107794533,6728832242,2635837,1.638064462,24.98835018,86452.16436,13263706,281959,30-12-2024 00:00
3391.063884,0.18675438,5.545590842,18781.61136,4264918737,5681025711,3410646,1.332036098,29.70355797,100568.5185,15049548,328541,23-12-2024 00:00
3646.38065,0.119615059,31.84188569,114210.9667,4270662643,10724881704,3206198,2.511292181,266.0579464,954820.9681,19088958,281005,16-12-2024 00:00
3837.144692,0.106289814,26.97889393,103221.242,4176657155,7847299985,2903971,1.878847053,253.3664871,971130.1393,17015171,281156,09-12-2024 00:00
3826.154251,0.130975484,16.04617717,60660.06459,4618253962,8373728503,2759953,1.813180603,122.6262397,463140.6028,17364101,254307,02-12-2024 00:00
3545.850764,0.150683921,9.770980705,33993.44491,5122156489,7639897381,2857738,1.491539237,64.79575788,225594.3747,18925793,234951,25-11-2024 00:00
3236.95939,0.149649312,12.13788182,39479.73953,5148045218,7174802394,2838255,1.393694517,81.00536933,263815.0421,18423808,212966,18-11-2024 00:00
3175.595888,0.154265667,17.6602517,56865.20279,4859331765,7655110886,3083869,1.575342301,114.4482762,368618.6551,18666772,233964,11-11-2024 00:00
2782.083993,0.146372895,10.13269278,28204.26747,4467946173,5636947224,2718378,1.261641704,69.76698891,192687.7752,17380895,227343,04-11-2024 00:00
2553.534777,0.161727172,5.210781795,13326.27948,4371110532,4205487981,2299241,0.962109732,32.25461231,82399.756,15916686,180233,28-10-2024 00:00
2557.470258,0.121091845,6.46226153,16466.29744,4364941655,3928369448,2013724,0.899982121,53.53498845,135981.8856,16667434,199464,21-10-2024 00:00
2619.842212,0.137241306,5.935528647,15496.21999,4409193837,4002699401,2081476,0.907807538,43.19272653,112912.2159,15600062,183834,14-10-2024 00:00
2437.795362,0.135606835,3.514801891,8555.558767,4404040146,3182110666,1780480,0.722543519,25.90030149,63090.91127,13833609,180129,07-10-2024 00:00
2462.336131,0.11869264,6.829056132,17177.67603,4481233065,3164264852,1852500,0.706114769,57.43146546,144724.0196,14324908,209587,30-09-2024 00:00
2648.097356,0.13250099,3.582705427,9477.693057,4570921107,2956648058,1839280,0.646838567,27.03162503,71529.22466,14375685,228614,23-09-2024 00:00
2435.15938,0.132169633,4.648804771,11194.57045,4589985303,3392143727,1816727,0.739031501,35.12882983,84698.506,14032095,201054,16-09-2024 00:00
2366.935888,0.125680249,3.968571545,9364.672041,4612206587,4359563893,1684705,0.945223032,31.57687844,74511.88334,13421761,158311,09-09-2024 00:00
2383.664082,0.110494455,9.498374856,22572.55919,4583133219,3631643837,1919625,0.792393252,85.98667904,204286.8054,13660860,181056,02-09-2024 00:00
2558.187753,0.132608187,8.127938351,20871.39507,4551612026,4037918702,2174015,0.887140354,61.1399659,157391.4516,14418454,208863,26-08-2024 00:00
2669.357381,0.129035124,5.230015215,13910.15471,4503314396,4206171698,1841387,0.934016888,40.52657619,107801.3049,14433645,143161,19-08-2024 00:00
2638.804097,0.135940058,6.88534537,18200.85087,4469592596,4154277184,1947303,0.92945321,50.63265498,133888.7971,14045491,120818,12-08-2024 00:00
2526.57817,0.141742767,79.09574002,188890.5739,4467163118,6044933097,2445945,1.353192829,557.9789925,1332629.364,16483624,142888,05-08-2024 00:00
3148.275412,0.120407139,13.48476651,40519.21967,4387628615,6018413213,2197056,1.371677902,112.587261,336518.4151,16129331,178529,29-07-2024 00:00
3334.248433,0.122821692,5.693445287,18875.12452,4300675597,5671465592,1927990,1.318738292,46.50758172,153679.0787,14436736,155097,22-07-2024 00:00
3448.762138,0.124197964,5.71475898,19699.04499,4225991770,4953119968,2135814,1.172060959,46.00867817,158610.0475,17308605,211091,15-07-2024 00:00
3101.935804,0.122837801,5.199327999,15911.1826,4114113519,3208884697,1889509,0.779969897,42.28656775,129530.0182,16014667,158330,08-07-2024 00:00
3199.966577,0.113220694,15.08497947,45881.01128,4006256179,3805870948,1820361,0.949981923,132.7218956,405235.2068,16267982,172643,01-07-2024 00:00
3390.692376,0.077915359,5.023945149,16996.31554,3985067137,3271360118,1791340,0.820904644,64.31017694,218138.1917,17551145,174661,24-06-2024 00:00
3512.256538,0.047246279,45.57994292,161569.1199,3972013307,3353622882,1683922,0.844313103,963.5772291,3419721.604,20090013,176896,17-06-2024 00:00
3552.367892,0.101149225,3.998690656,14144.79256,3937801917,3011201082,1548239,0.764690847,39.52087938,139840.8399,16301419,166549,10-06-2024 00:00
3772.000412,0.089907105,4.907151528,18547.12714,3908869030,2617407821,1505130,0.669607449,54.60751606,206292.1191,15675199,213305,03-06-2024 00:00
3813.752569,0.113169505,3.439019812,13128.68332,3902350464,3135545457,2053960,0.803501757,30.41704528,116009.0198,16621067,277589,27-05-2024 00:00
3676.346513,0.139102256,12.29039577,43823.95208,3919770103,4062598671,2163989,1.036437996,87.83571692,315048.4649,17549355,196011,20-05-2024 00:00
3003.952708,0.093935865,3.367465065,10085.55609,3894647861,2264207884,1667347,0.581363955,35.73747309,107366.4052,20350309,181590,13-05-2024 00:00
3004.873452,0.080527078,4.848372983,14610.04716,3858231703,1986040127,1656630,0.51475398,60.34015659,181430.2412,14625846,157685,06-05-2024 00:00
3064.281339,0.161033315,6.39141064,19409.05875,3713518552,3331863686,2348565,0.897225539,39.80930634,120528.2198,13103440,163460,29-04-2024 00:00
3194.806771,0.174749247,7.302042285,23304.15559,3430522983,3766144873,3097186,1.09783403,41.78146249,133357.6883,13782269,207142,22-04-2024 00:00
3090.245635,0.1803496,8.16574824,25181.00373,3384714369,3263552291,2988946,0.96420316,45.28817115,139623.2858,14051091,190790,15-04-2024 00:00
3418.615397,0.107280765,49.27862941,163197.5904,3358357942,4865336176,2413275,1.448724722,459.4208898,1521219.495,14741170,212638,08-04-2024 00:00
3367.604936,0.143564787,6.055372243,20445.92052,3361955580,3522920897,2004955,1.047878478,42.10656447,142415.9845,12905712,287018,01-04-2024 00:00
3559.697232,0.151523111,5.588030069,19901.10383,3251203925,3324422178,1909633,1.022520351,36.88889771,131340.3854,13630190,217050,25-03-2024 00:00
3408.395223,0.127844111,8.849221272,30295.5679,2569860571,4320417330,1757993,1.681187446,69.06884492,236972.7286,12827203,168559,18-03-2024 00:00
3846.1663,0.120636935,22.39236448,85402.63778,2509032865,4663645397,1056069,1.858742252,185.6884179,707931.0967,9087297,188933,11-03-2024 00:00
3793.318725,0.123465558,21.03750791,78932.32733,2394087809,4897393784,888527,2.04561995,170.3806948,639306.4457,7549884,124996,04-03-2024 00:00
3337.941468,0.115384519,19.38577456,64586.74614,2283799372,4073522691,887268,1.783660483,167.9865988,559752.2682,8447594,139546,26-02-2024 00:00
2960.778651,0.116786679,15.41651786,45606.54071,2227144666,3053075042,830560,1.370847206,131.9142656,390511.496,7886233,133490,19-02-2024 00:00
2729.721642,0.119167921,16.10662153,43908.59155,2195300653,2426044085,762642,1.105107895,135.2355393,368459.826,7802377,99943,12-02-2024 00:00
2420.550218,0.119297792,14.12772621,34107.62547,2135642298,2113167286,684753,0.989476228,118.1858649,285903.2424,7162109,99401,05-02-2024 00:00
2304.35,0.128456473,15.99795099,36888.73216,2080049395,2034946298,808140,0.978316334,124.588381,287169.1178,7481553,129348,29-01-2024 00:00
2269.540719,0.118767677,16.61105985,37764.11604,2071890514,1914967614,805250,0.924261008,139.9240708,317966.2766,8871624,109758,22-01-2024 00:00
2507.663011,0.124816881,15.40044351,38643.44925,2059116184,2085839769,742000,1.012978182,123.5215963,309601.1437,7589111,108458,15-01-2024 00:00
2469.060055,0.127793104,26.97791999,65816.04382,1995366671,3590163952,1043864,1.799250235,211.3103416,515020.3091,9552074,119462,08-01-2024 00:00
2282.236091,0.113652261,30.78970426,70487.95544,1965381474,3214716906,896900,1.635670708,270.9375681,620207.2423,9708443,104218,01-01-2024 00:00
2305.287743,0.111552601,15.42721136,35632.80316,1944632433,2316996599,784323,1.191483058,138.4124751,319426.0181,9063656,122435,25-12-2023 00:00
2245.798616,0.111902307,14.42741296,32491.90739,1917177913,2168238984,718196,1.130953455,129.0923478,290359.5848,10137632,107054,18-12-2023 00:00
2238.487852,0.070852488,18.28839696,40962.14964,1923005440,2111051284,687702,1.097787474,257.0306496,578132.8321,15090743,115737,11-12-2023 00:00
2299.362946,0.124835574,14.44529483,33164.6357,1887003529,2487568450,785968,1.318263804,115.7723724,265666.5448,6867582,130143,04-12-2023 00:00
2073.912882,0.110722464,10.65764129,22104.24405,1851711072,1803216101,603341,0.973810724,96.29769979,199636.49,6321238,110535,27-11-2023 00:00
2051.063368,0.1028764,12.18499191,24947.24387,1810555823,2233949082,689916,1.233847117,118.3013857,242497.2474,9377867,117797,20-11-2023 00:00
2002.819266,0.120003484,14.51993169,29168.1654,1796662049,2499784523,714641,1.391349322,121.0662347,243060.9889,7371188,110532,13-11-2023 00:00
1977.856905,0.131310513,16.96324712,33539.95176,1782108504,2567384424,826756,1.440644281,129.029766,255424.7266,7321880,111436,06-11-2023 00:00
1825.230154,0.122088384,13.14323738,23998.3877,1744257571,2197482296,719296,1.259838187,107.6691014,196565.6918,6956669,109402,30-10-2023 00:00
1777.949003,0.127821838,15.88561711,27997.43994,1701773118,2589077231,697901,1.52139977,124.1606827,219034.8714,6606688,98897,23-10-2023 00:00
1590.945645,0.124407887,12.73213526,20228.92025,1657856317,1781460392,538605,1.074556566,102.3468055,162601.5898,5580449,85762,16-10-2023 00:00
1564.461964,0.12913567,9.619731648,15065.45728,1650785472,1516414743,500045,0.918601944,74.42638693,116663.7948,5524856,89323,09-10-2023 00:00
1649.893051,0.107600885,10.59317818,17517.36333,1642677228,1422304826,517923,0.865845586,98.44579241,162799.4351,6563603,91935,02-10-2023 00:00
1631.810853,0.086587608,14.2213749,23326.10931,1630467910,1314302417,537568,0.806089104,163.8182692,269393.1584,6994485,96292,25-09-2023 00:00
1614.297202,0.123960688,10.51614181,17007.17096,1613051274,1536163644,523972,0.952334044,84.92697291,137198.1007,6458115,100032,18-09-2023 00:00
1613.469276,0.140307248,11.6202046,18720.3238,1560249334,1891565144,572373,1.21234799,82.82711739,133423.7834,5528243,98381,11-09-2023 00:00
1632.520977,0.13597183,10.62786335,17348.94992,1525965199,1391692806,563478,0.912008221,78.16242848,127592.2366,5630392,106766,04-09-2023 00:00
1662.555114,0.139777659,14.15791733,23618.662,1516156676,1961285615,621957,1.29359033,101.3421371,168973.0834,5940250,113471,28-08-2023 00:00
1657.544028,0.118508576,12.91837233,21416.66648,1544256995,2390953038,653302,1.548287006,109.0451427,180718.2837,6216497,118313,21-08-2023 00:00
1756.451468,0.115697402,23.84147933,42045.23618,1597320931,2467377826,771871,1.544697611,206.7957751,363406.9186,6779956,147600,14-08-2023 00:00
1847.069881,0.142341198,13.34976255,24655.23945,1670812476,2098048062,707825,1.255705288,93.79605119,173212.2525,6422686,137726,07-08-2023 00:00
1842.591959,0.178455036,18.14325146,33459.46324,1680674754,2255742903,896753,1.342165042,101.7370149,187495.2027,6716308,176670,31-07-2023 00:00
1867.204568,0.166954357,16.13013629,30111.25857,1721221712,1669801166,831622,0.970125553,96.61682199,180356.2309,6678087,157056,24-07-2023 00:00
1898.858919,0.150347954,16.17056487,30715.9649,1733238259,1598630997,857727,0.922337705,107.5431281,204299.1875,7310471,181356,17-07-2023 00:00
1913.366062,0.145089141,17.71022689,33925.04832,1726507043,1910322065,908432,1.106466419,122.071798,233822.105,7779312,170517,10-07-2023 00:00
1904.804018,0.145231358,16.69528094,31835.63564,1725392546,1770472554,906826,1.026127392,114.9436491,219206.3477,7487578,168515,03-07-2023 00:00
1886.020372,0.139253531,20.09484301,37879.71124,1712533665,2173059540,960959,1.268914932,144.3328948,272019.7535,8348326,162872,26-06-2023 00:00
1840.613065,0.120192058,19.219178,35355.28009,1725039068,2271456831,911294,1.316756747,159.9296773,294156.5411,7889473,158434,19-06-2023 00:00
1716.548105,0.15878919,20.47338541,35161.25349,1785805259,2387068988,965340,1.336690536,128.9464379,221433.5471,8079792,164955,12-06-2023 00:00
1822.815878,0.146530489,19.47345879,35421.64367,1795021179,2162567103,874761,1.204758545,132.785644,241735.6552,8270522,145275,05-06-2023 00:00
1891.392287,0.098255492,14.3447983,27127.06926,1782444685,1705327893,698165,0.95673538,145.8245666,276087.0548,8525404,127464,29-05-2023 00:00
1825.880159,0.1141956,14.91790768,27228.35368,1800369355,1605752251,760122,0.891901568,130.6692312,238436.1009,8669931,174348,22-05-2023 00:00
1817.151369,0.093281377,15.39064303,27987.5877,1826217397,1563932045,662048,0.856377805,164.8092384,300034.0336,7436399,103984,15-05-2023 00:00
1822.804568,0.077927089,19.06152556,34787.31318,1889226195,2176682252,725624,1.152155447,244.8763062,446408.4764,8914689,95030,08-05-2023 00:00
1890.764008,0.101657396,17.10314522,32300.52544,1914261895,2454965919,796958,1.28246084,168.534059,317739.0607,9445063,98352,01-05-2023 00:00
1884.797396,0.082137403,23.02568713,43407.55275,1915810759,2020094356,838010,1.054433141,280.6237344,528474.8597,10521460,105142,24-04-2023 00:00
1969.828403,0.06644558,32.29353729,63824.14918,1961817090,2726674673,954869,1.389872016,490.7844429,960547.695,12522153,118001,17-04-2023 00:00
1991.839023,0.109325947,20.35797564,40748.09385,2008238926,2705447352,944272,1.347174042,185.6323103,372721.1596,10405296,112205,10-04-2023 00:00
1858.218829,0.062555639,20.00051249,37018.73548,2001463858,2723743647,880144,1.360875759,323.829897,591772.9575,10026207,105041,03-04-2023 00:00
1789.395645,0.193826692,43.0820243,77069.12186,1869871790,3107099875,1249846,1.661664661,222.371639,397618.7229,9986125,126616,27-03-2023 00:00
1771.699013,0.089022436,89.60317547,159067.5196,1698851528,3953024303,1166785,2.326880389,1006.415512,1786825.067,12738268,100142,20-03-2023 00:00
1712.604598,0.161086255,22.41588005,38382.93273,1505224198,10652229202,1206779,7.076838928,139.0806501,238275.6539,8473974,70298,13-03-2023 00:00
1510.186865,0.145450268,15.36717994,22936.04857,1442299007,3228766604,853409,2.238624992,104.7776377,157689.9712,6624196,53905,06-03-2023 00:00
1610.289077,0.097904361,9.525355994,15355.51251,1419737003,1790298191,547472,1.261006924,97.24883519,156841.9666,6717653,55025,27-02-2023 00:00
1644.777803,0.057712586,11.63201992,19175.01573,1318088117,1575084380,599877,1.194976542,201.8378976,332250.1566,8371311,57885,20-02-2023 00:00
1621.439911,0.114178971,11.11360141,18094.92177,1178923741,1845929204,604754,1.5657749,97.29617661,158478.5852,6440793,54209,13-02-2023 00:00
1593.072257,0.111785699,8.609170105,13753.36046,1065833594,1136307975,456164,1.066121374,77.05655599,123033.2731,5388059,42412,06-02-2023 00:00
1630.305625,0.121779494,8.152350446,13315.1101,963993997,1025575846,409810,1.063881984,67.03093791,109337.8664,4691927,36939,30-01-2023 00:00
1600.546374,0.124585714,7.299110846,11672.82952,926506814,702636633.9,344176,0.758371793,58.56928296,93693.16205,4057308,36121,23-01-2023 00:00
1584.054325,0.125680658,5.929374291,9391.995669,915157701.9,630619325.3,280323,0.689082684,47.1621851,74729.04577,3406187,23595,16-01-2023 00:00
1410.356691,0.119528904,6.193169814,8832.310511,909529437.1,533192580.5,294814,0.586229053,52.14928024,73892.67541,3850565,33173,09-01-2023 00:00
1244.869772,0.128240706,4.831100374,6000.804217,924019489.1,381363750.2,265771,0.412722626,37.5842627,46793.28734,3335033,31027,02-01-2023 00:00
1203.585263,0.103404694,3.533928992,4254.131992,939241430.4,464128356.1,205784,0.494152346,34.18161922,41140.60815,3012264,23459,26-12-2022 00:00
1210.271944,0.121946956,5.063804208,6128.357208,965126891.6,471831427.8,280967,0.4888802,41.51801361,50254.28605,3769328,35404,19-12-2022 00:00
1249.982847,0.115852145,5.848110057,7332.981071,984123860,607495356.2,271172,0.617295628,50.41175897,63296.03216,4166655,32006,12-12-2022 00:00
1264.023199,0.0979765,4.538363043,5734.758676,958963797.7,542688871.1,234066,0.56591174,46.31786176,58531.98144,3989516,28551,05-12-2022 00:00
1250.290719,0.158093217,8.80492188,11037.40913,989910492.9,2151208872,553068,2.17313473,55.81460421,69815.82992,4574084,40009,28-11-2022 00:00
1174.011091,0.151255003,9.370988063,10924.13715,1030017243,1115978259,574218,1.0834559,61.9529942,72223.31133,4712834,42363,21-11-2022 00:00
1220.66247,0.152655574,8.741185696,10648.7967,1067359786,691369790.9,472183,0.647738279,57.20911696,69757.01194,4517897,44181,14-11-2022 00:00
1325.551895,0.186979339,15.2970032,20043.1886,1113914310,1201710997,652649,1.07881817,80.93794461,107194.6703,5204317,58862,07-11-2022 00:00
1588.579033,0.133072426,7.313629472,11623.24028,1175531261,458700852.7,377933,0.390207277,55.0034242,87345.21985,4371511,47446,31-10-2022 00:00
1506.399802,0.127747577,7.516092297,11351.86091,1191536161,464740492.5,330806,0.390034736,58.81668574,88861.65367,4614445,44493,24-10-2022 00:00
1306.1088,0.19211129,7.974194629,10400.59846,1208166790,597256864.1,391572,0.494349678,41.49755701,54138.403,3539453,34252,17-10-2022 00:00
1294.22504,0.167856719,5.117014948,6621.168892,1231740088,237222447.9,240431,0.192591319,30.49711561,39445.36107,2435986,22750,10-10-2022 00:00
1335.903085,0.182852366,6.200651247,8294.327289,1233791405,372202314.7,295717,0.301673616,33.90938837,45360.7873,2704051,25413,03-10-2022 00:00
1324.749256,0.170392338,5.771643593,7639.119442,1220142588,236189080.8,275604,0.193574983,33.86318182,44832.52893,2840853,19305,26-09-2022 00:00
1322.628924,0.178894461,6.576875595,8685.932551,1211713497,391067634.5,307587,0.322739357,36.73185717,48553.39012,3053567,22153,19-09-2022 00:00
1554.493953,0.160033745,4.367031019,6832.591338,1184870418,571944638.4,211060,0.482706488,27.28837156,42694.69122,2117299,23189,12-09-2022 00:00
1653.782326,0.13728856,4.185371455,6898.492848,1156380135,644821871.5,189281,0.557621021,30.51777729,50248.12602,2643062,23757,05-09-2022 00:00
1554.779846,0.095686791,2.542177729,3958.536514,1148590159,652077954.3,148010,0.567720304,26.58950262,41369.72777,1865183,17859,29-08-2022 00:00
1595.959301,0.075508957,1.440015883,2306.660976,1154026114,525943695.7,137326,0.455746789,19.0877699,30548.17696,940776,14313,22-08-2022 00:00
1786.835377,0.054551557,0.933685206,1687.970935,1151608937,534441298.8,93491,0.464082278,17.1513011,30942.67197,712510,9186,15-08-2022 00:00
1857.617073,0.105959994,3.03241322,5455.206132,1127322222,833592548.5,108845,0.739444794,28.43498277,51483.63942,676904,13404,08-08-2022 00:00
1662.907237,0.07454955,0.779209398,1289.459827,1096870683,510396826,96829,0.465320875,10.43247172,17296.68146,646940,10964,01-08-2022 00:00
1603.265104,0.079619432,1.271779772,1993.85221,1074586517,1793290734,106004,1.668819314,15.84561439,25042.2814,666040,9135,25-07-2022 00:00
1541.925337,0.062736219,1.396563099,2136.298376,1016985566,346439792.4,97779,0.340653598,22.2264038,34052.07411,699884,9544,18-07-2022 00:00
1176.752619,0.065979387,1.681585853,1963.28801,1030262949,151503616.4,69467,0.147053348,25.7039112,29756.08134,529860,8133,11-07-2022 00:00
1171.636617,0.040843046,1.002546459,1174.611607,1081915533,152539428.9,60687,0.140990146,24.4637489,28759.15779,500399,7116,04-07-2022 00:00
1108.140809,0.036252282,16.67104275,18988.14963,1115333043,150097631.1,71398,0.134576512,460.8264199,523778.0509,1195520,8569,27-06-2022 00:00
1153.815382,0.047816009,2.347003996,2702.754306,1037477904,259024302.2,105108,0.249667295,48.73602085,56524.04604,1206850,11156,20-06-2022 00:00
1126.34311,0.12631614,8.150964765,9423.005556,1061512766,733556033,164753,0.691047773,64.60228191,74598.58673,798584,11776,13-06-2022 00:00
1727.529906,0.074233471,3.77860036,6582.143973,1081442311,281084413.8,111210,0.259916235,50.62830026,88668.142,691104,16345,06-06-2022 00:00
1851.852118,0.067101906,3.464526784,6365.375597,1090501747,203193956.2,99616,0.186330702,51.6069765,94861.32325,635931,16210,30-05-2022 00:00
1884.879385,0.096994442,2.306350161,4361.831442,1079446188,233176683.8,99890,0.216015107,23.78086894,44969.91101,547217,13564,23-05-2022 00:00
2010.394573,0.086343778,1.760673536,3544.241009,1088506404,410561202.3,104169,0.37717849,20.40629581,41048.01864,627583,14352,16-05-2022 00:00
2165.52502,0.134436137,11.65284709,24555.3579,1102787230,1056083973,124265,0.957649802,86.01187849,182654.4441,734566,12687,09-05-2022 00:00
2760.806195,0.078715023,3.072359458,8505.85348,1087835720,349218826.9,84572,0.321021658,38.92637051,108058.8328,619713,13557,02-05-2022 00:00
2869.371081,0.06650527,2.45697025,7006.261451,1090012647,337994475.4,65386,0.310083077,36.96061641,105348.9658,556410,10381,25-04-2022 00:00
3016.9037,0.040984749,1.294738021,3916.223484,1128389435,295525631,42523,0.261900388,31.5444175,95553.18951,518643,6967,18-04-2022 00:00
3055.343527,0.050527362,1.197688916,3658.739593,1146719919,305728914.1,38473,0.266611671,23.69944564,72411.0557,416656,5353,11-04-2022 00:00
3320.936186,0.046394715,1.393829284,4630.124697,1127250407,380696128,26678,0.337720994,30.03759033,99798.5381,368844,3210,04-04-2022 00:00
3402.864499,0.033494052,1.414566555,4820.234046,1089341446,526796602.9,32525,0.483591811,42.17571148,143913.1353,583759,3847,28-03-2022 00:00
3048.794018,0.027880034,0.846404751,2589.111098,965361263,671014296.3,29054,0.695091384,30.37990366,92866.13815,530817,3631,21-03-2022 00:00
2757.168576,0.038824267,0.718002093,1992.499997,854020332.7,387689226.1,25478,0.453957841,18.49970065,51320.99486,388128,2712,14-03-2022 00:00
2598.118348,0.047241772,0.886925911,2307.041628,839943576.6,537990860.9,31577,0.640508334,18.76384279,48834.78203,408054,2772,07-03-2022 00:00
2784.183834,0.041263275,1.853913111,5245.356134,863925584.3,740725697.4,34115,0.857395256,44.29123782,127119.2394,464290,2707,28-02-2022 00:00
2656.664043,0.035582787,2.391447028,6242.730099,893267132.9,766131335.3,42385,0.857673262,66.42281844,175442.4157,651459,3076,21-02-2022 00:00
2920.572302,0.043714514,1.993438713,5734.111984,880624294.3,913994557.5,40208,1.037893871,45.13584041,131171.8102,536220,2873,14-02-2022 00:00
3068.099683,0.044048617,2.246994885,6958.977871,828228805.6,712490020.7,29378,0.860257475,51.2356896,157984.0281,502695,3353,07-02-2022 00:00
2799.232083,0.068385074,2.630085241,7283.252478,745998119.3,501470274.6,23955,0.672213859,38.19985991,106503.5407,287953,2726,31-01-2022 00:00
2478.758363,0.105529992,6.215040329,15227.83046,698374535.9,1483860186,46027,2.124734093,58.46784674,144298.6032,370047,3673,24-01-2022 00:00
2921.945789,0.105935513,7.16755967,20411.79827,701636103.9,982899881.2,39881,1.40086845,65.07327532,192681.3556,264356,3327,17-01-2022 00:00
3261.128586,0.08532308,5.009649087,16288.02077,713671162.4,613139739.1,24066,0.859134811,58.66938611,190898.1799,215111,2999,10-01-2022 00:00
3474.292123,0.084711823,5.771966282,20235.60708,713383854.7,612183505.5,29579,0.858140399,66.89643137,238875.8317,260024,3321,03-01-2022 00:00
3814.165392,0.081790113,4.015112573,15253.52824,708637677,248602942.5,20006,0.350818127,49.21684761,186495.9911,192329,2928,27-12-2021 00:00
4015.172768,0.094805656,3.118951943,12495.54242,704610149.1,264439031.1,20439,0.375298357,32.91352845,131801.6551,142688,3164,20-12-2021 00:00
3913.877822,0.095331077,4.273648563,16709.43517,694300278.3,393822336.2,27621,0.567221919,44.82411742,175277.9444,179612,3534,13-12-2021 00:00
4186.054315,0.088379888,5.824811835,24358.8152,710572885.3,392837737.7,32175,0.552846507,65.42935756,275614.9144,213369,4292,06-12-2021 00:00
4392.300982,0.114374014,7.694092275,33734.48824,732878460.1,595759574.8,31915,0.812903649,67.07449842,294948.8877,200149,4127,29-11-2021 00:00
4204.953547,0.104149056,8.078222464,33951.73632,803320100.6,1071989190,35778,1.334448359,77.32593224,325991.7812,210862,4660,22-11-2021 00:00
4300.537431,0.116584281,8.488954794,36396.89221,856406695.3,741550237.2,33340,0.865885614,72.63968914,312193.822,195725,4527,15-11-2021 00:00
4694.914588,0.108208404,8.266775815,38791.85406,901448571.7,615766940.3,26338,0.683086046,76.24442772,358492.0622,162845,4671,08-11-2021 00:00
4484.218056,0.123552668,9.263183522,41476.98847,886157624.1,694944283.7,29972,0.784221977,74.96696826,335702.896,154920,3940,01-11-2021 00:00
4215.278586,0.152011645,15.43085532,64849.35275,803047899.6,1101481069,50153,1.371625615,101.187652,426607.7963,241916,5790,25-10-2021 00:00
3975.596468,0.142615299,5.867822053,23244.1405,782114970.3,784201031.3,43857,1.002667205,41.09159743,162984.9013,215288,6361,18-10-2021 00:00
3673.295099,0.140514712,9.162847837,33634.56801,680666736.6,1211826936,50496,1.780352809,65.230125,239366.8792,239329,7202,11-10-2021 00:00
3512.796954,0.127819348,8.474103145,29816.49516,490740798.7,1253318742,41020,2.55393223,66.26586004,233270.5935,223288,6114,04-10-2021 00:00
3102.082609,0.117300767,6.626918498,20449.23347,366394986.7,576442358.9,39254,1.57328124,56.47125517,174331.6267,250167,5401,27-09-2021 00:00
2994.912723,0.148988037,12.93632448,38918.77755,289607935.9,708307568.2,50218,2.445746406,87.20633877,261220.8217,384882,7768,20-09-2021 00:00
3418.375055,0.064979304,8.17996119,28000.88227,146255480.6,666539423.5,57946,4.557363737,126.3238217,430920.0115,738739,11296,13-09-2021 00:00
3508.542158,0.057517751,5.584105326,18753.63543,36381288,79155907.96,22087,2.175731326,95.79335798,326049.5256,460749,5742,06-09-2021 00:00
3652.498963,0.020402899,0.636605552,2395.745909,9113464.429,22785433.24,2949,2.500194456,32.28830582,117421.8397,70644,418,30-08-2021 00:00
